statePostal,stateName,raceID,seatNum,first,last,incumbent,party,candidateID,ballotOrder,polID,polNum,voteCount,electWon,winner,winnerDateTime,abbrv
AL,Alabama,1005,1,Jerry,Carl,True,GOP,5819,1.0,68313,3790,139854.0,0.0,X,2022-11-09T02:35:52.256Z,
AL,Alabama,1011,4,Robert,Aderholt,True,GOP,4357,2.0,523,1200,164377.0,0.0,X,2022-11-09T02:25:19.208Z,
AL,Alabama,1374,2,Barry,Moore,True,GOP,5826,2.0,66781,3320,137193.0,0.0,X,2022-11-09T02:20:56.493Z,
AL,Alabama,1375,3,Mike,Rogers,True,GOP,4356,2.0,1161,1222,135448.0,0.0,X,2022-11-09T02:38:18.829Z,
AL,Alabama,1376,5,Dale,Strong,,GOP,6071,2.0,70499,3837,141988.0,0.0,X,2022-11-09T03:57:49.936Z,
AL,Alabama,1377,6,Gary,Palmer,True,GOP,4781,1.0,63532,3315,154058.0,0.0,X,2022-11-09T02:39:36.239Z,
AL,Alabama,1378,7,Terrycina,Sewell,True,Dem,6286,1.0,60639,3028,125060.0,0.0,X,2022-11-09T03:58:04.392Z,
AR,Arkansas,5104,1,Rick,Crawford,True,GOP,11569,2.0,60226,7758,152002.0,0.0,X,2022-11-09T04:43:03.855Z,Crawfrd
AR,Arkansas,5105,2,French,Hill,True,GOP,12197,2.0,63416,8200,147676.0,0.0,X,2022-11-09T03:05:07.698Z,HillF
AR,Arkansas,5107,4,Bruce,Westerman,True,GOP,12191,2.0,63418,7822,153677.0,0.0,X,2022-11-09T04:44:28.145Z,Westrmn
AR,Arkansas,6092,3,Steve,Womack,True,GOP,11571,3.0,60238,7770,142244.0,0.0,X,2022-11-09T03:37:17.929Z,WomaSt
AZ,Arizona,3006,2,Eli,Crane,,GOP,10541,2.0,70963,6236,161780.0,0.0,X,2022-11-11T03:54:48.997Z,
AZ,Arizona,3008,3,Ruben,Gallego,True,Dem,10526,1.0,64361,5496,99828.0,0.0,X,2022-11-09T04:10:35.483Z,
AZ,Arizona,3010,4,Greg,Stanton,True,Dem,10527,1.0,67576,5975,131466.0,0.0,X,2022-11-12T03:26:18.415Z,
AZ,Arizona,3012,5,Andy,Biggs,True,GOP,9689,2.0,52611,4792,151580.0,0.0,X,2022-11-09T19:12:40.328Z,
AZ,Arizona,3920,7,Raul,Grijalva,True,Dem,10529,1.0,1131,4343,110128.0,0.0,X,2022-11-09T04:45:26.252Z,
AZ,Arizona,3924,8,Debbie,Lesko,True,GOP,9702,1.0,66086,5272,0.0,0.0,X,2022-11-09T03:01:51.009Z,
AZ,Arizona,4173,9,Paul,Gosar,True,GOP,10571,1.0,61002,5371,0.0,0.0,X,2022-11-09T03:01:51.009Z,
CA,California,5692,2,Jared,Huffman,True,Dem,18655,2.0,62063,10892,110855.0,0.0,X,2022-11-09T05:20:01.768Z,
CA,California,5694,4,Mike,Thompson,True,Dem,22875,2.0,1115,5170,99105.0,0.0,X,2022-11-09T07:06:13.878Z,Thompsn
CA,California,5695,5,Tom,McClintock,True,GOP,22879,2.0,52499,5301,133326.0,0.0,X,2022-11-09T07:27:06.294Z,McClntc
CA,California,5697,7,Doris,Matsui,True,Dem,22891,2.0,51416,10732,65324.0,0.0,X,2022-11-09T07:06:32.934Z,
CA,California,5698,8,John,Garamendi,True,Dem,22894,2.0,7136,11174,111399.0,0.0,X,2022-11-09T05:07:41.033Z,Garmnd
CA,California,5701,11,Nancy,Pelosi,True,Dem,22909,2.0,24,5060,159166.0,0.0,X,2022-11-09T05:14:00.200Z,
CA,California,5702,12,Barbara,Lee,True,Dem,22915,2.0,28,5250,82271.0,0.0,X,2022-11-09T04:53:28.089Z,
CA,California,5704,14,Eric,Swalwell,True,Dem,22926,1.0,62343,11916,59136.0,0.0,X,2022-11-09T05:27:16.350Z,
CA,California,5705,15,Kevin,Mullin,,Dem,22936,2.0,70553,11957,66314.0,0.0,X,2022-11-13T01:28:34.908Z,
CA,California,5706,16,Anna,Eshoo,True,Dem,22939,1.0,43,6204,94813.0,0.0,X,2022-11-10T19:28:16.956Z,
CA,California,5707,17,Ro,Khanna,True,Dem,20597,2.0,7547,12295,82800.0,0.0,X,2022-11-09T05:01:58.721Z,
CA,California,5708,18,Zoe,Lofgren,True,Dem,22953,2.0,49,7141,63097.0,0.0,X,2022-11-09T05:28:11.782Z,
CA,California,5709,19,Jimmy,Panetta,True,Dem,22954,1.0,65030,12828,128345.0,0.0,X,2022-11-09T05:29:50.846Z,
CA,California,5710,20,Kevin,McCarthy,True,GOP,22958,2.0,52561,9107,89115.0,0.0,X,2022-11-09T06:39:39.418Z,McCrthy
CA,California,5713,23,Jay,Obernolte,True,GOP,22968,1.0,67998,12251,64026.0,0.0,X,2022-11-10T17:55:34.033Z,Obernolt
CA,California,5714,24,Salud,Carbajal,True,Dem,20609,2.0,65043,12691,92286.0,0.0,X,2022-11-09T05:08:11.753Z,
CA,California,5715,25,Raul,Ruiz,True,Dem,22974,1.0,62342,11825,53756.0,0.0,X,2022-11-09T21:23:56.088Z,
CA,California,5718,28,Judy,Chu,True,Dem,22991,1.0,52450,8322,95831.0,0.0,X,2022-11-09T21:25:56.366Z,
CA,California,5719,29,Tony,Cardenas,True,Dem,18588,2.0,6688,11756,47206.0,0.0,X,2022-11-10T20:03:05.854Z,Cardens
CA,California,5720,30,Adam,Schiff,True,Dem,23000,2.0,89,7009,99425.0,0.0,X,2022-11-09T05:09:02.221Z,
CA,California,5721,31,Grace,Napolitano,True,Dem,23008,1.0,113,6678,57530.0,0.0,X,2022-11-09T21:44:39.989Z,Napolitn
CA,California,5722,32,Brad,Sherman,True,Dem,23011,2.0,84,5036,111072.0,0.0,X,2022-11-09T05:09:49.810Z,
CA,California,5723,33,Pete,Aguilar,True,Dem,23018,1.0,62883,11851,45775.0,0.0,X,2022-11-09T21:34:09.706Z,
CA,California,5726,36,Ted,Lieu,True,Dem,23027,2.0,63666,11017,124074.0,0.0,X,2022-11-09T05:10:17.088Z,
CA,California,5727,37,Sydney,Kamlager,,Dem,23035,2.0,70622,13232,49053.0,0.0,X,2022-11-10T20:05:22.415Z,Kamlagr
CA,California,5728,38,Linda,Sanchez,True,Dem,18705,2.0,116,8969,62564.0,0.0,X,2022-11-12T02:29:17.573Z,
CA,California,5729,39,Mark,Takano,True,Dem,23044,1.0,8584,11729,39052.0,0.0,X,2022-11-09T21:35:06.755Z,
CA,California,5730,40,Young,Kim,True,GOP,23051,2.0,66573,12352,117794.0,0.0,X,2022-11-11T02:43:19.197Z,
CA,California,5732,42,Robert,Garcia,,Dem,23061,2.0,70642,12489,59848.0,0.0,X,2022-11-09T06:47:58.138Z,
CA,California,5733,43,Maxine,Waters,True,Dem,18708,2.0,104,5122,61512.0,0.0,X,2022-11-09T05:04:39.028Z,
CA,California,5734,44,Nanette,Barragan,True,Dem,20643,1.0,65073,12713,61949.0,0.0,X,2022-11-09T05:09:19.278Z,Barragn
CA,California,5736,46,Lou,Correa,True,Dem,20657,1.0,52470,7714,49989.0,0.0,X,2022-11-11T02:41:09.394Z,
CA,California,5742,50,Scott,Peters,True,Dem,23096,1.0,50902,11868,117112.0,0.0,X,2022-11-09T07:03:22.270Z,
CA,California,6235,51,Sara,Jacobs,True,Dem,23101,2.0,66619,13160,95213.0,0.0,X,2022-11-09T05:11:01.122Z,
CA,California,6478,1,Doug,LaMalfa,True,GOP,19231,2.0,52531,9037,110797.0,0.0,X,2022-11-09T07:38:35.543Z,
CA,California,7296,52,Juan,Vargas,True,Dem,23104,1.0,52480,7520,66801.0,0.0,X,2022-11-09T06:02:56.891Z,
CA,California,8149,48,Darrell,Issa,True,GOP,23088,1.0,146,8046,99726.0,0.0,X,2022-11-09T07:57:29.266Z,
CA,California,8514,10,Mark,DeSaulnier,True,Dem,22907,1.0,60108,10847,147821.0,0.0,X,2022-11-09T06:50:27.668Z,DeSaulnr
CO,Colorado,6614,2,Joe,Neguse,True,Dem,13061,1.0,67047,8893,232000.0,0.0,X,2022-11-09T03:56:05.806Z,
CO,Colorado,6616,4,Ken,Buck,True,GOP,12225,2.0,61077,8377,211566.0,0.0,X,2022-11-09T03:57:34.951Z,
CO,Colorado,6617,5,Doug,Lamborn,True,GOP,12151,2.0,9174,6532,154914.0,0.0,X,2022-11-09T03:57:43.822Z,
CO,Colorado,6618,6,Jason,Crow,True,Dem,13074,1.0,67060,9243,159977.0,0.0,X,2022-11-09T03:57:56.983Z,
CO,Colorado,6954,7,Brittany,Pettersen,,Dem,13895,1.0,70799,8710,203688.0,0.0,X,2022-11-09T03:58:07.646Z,Pettersn
CO,Colorado,7191,1,Diana,DeGette,True,Dem,12200,1.0,734,6364,182751.0,0.0,X,2022-11-09T03:55:55.142Z,
CT,Connecticut,7007,1,John,Larson,True,Dem,18825,1.0,1139,10414,148987.0,0.0,X,2022-11-09T06:11:38.691Z,
CT,Connecticut,7009,2,Joe,Courtney,True,Dem,18826,1.0,1231,12779,163388.0,0.0,X,2022-11-09T06:57:31.728Z,
CT,Connecticut,7011,3,Rosa,DeLauro,True,Dem,18827,1.0,1141,10421,134400.0,0.0,X,2022-11-09T06:11:55.807Z,
CT,Connecticut,7013,4,Jim,Himes,True,Dem,18828,1.0,59590,13581,140244.0,0.0,X,2022-11-09T05:17:04.323Z,
CT,Connecticut,7015,5,Jahana,Hayes,True,Dem,20975,1.0,67521,14482,127778.0,0.0,X,2022-11-10T00:51:42.036Z,
DE,Delaware,8074,1,Lisa,Rochester,True,Dem,10568,1.0,65591,8976,178361.0,0.0,X,2022-11-09T01:32:11.410Z,Rochestr
FL,Florida,10009,2,Neal,Dunn,True,GOP,20658,1.0,65654,14591,180146.0,0.0,X,2022-11-09T01:46:36.068Z,
FL,Florida,10011,3,Kat,Cammack,True,GOP,22542,1.0,69383,15371,178026.0,0.0,X,2022-11-09T01:32:31.496Z,
FL,Florida,10013,4,Aaron,Bean,,GOP,23196,1.0,52113,11865,165610.0,0.0,X,2022-11-09T01:10:21.976Z,
FL,Florida,10015,5,John,Rutherford,True,GOP,23200,1.0,65658,14600,0.0,0.0,X,2022-11-09T01:01:30.009Z,Ruthrfrd
FL,Florida,10017,6,Michael,Waltz,True,GOP,21735,2.0,67625,15019,226140.0,0.0,X,2022-11-09T00:17:59.472Z,
FL,Florida,10019,7,Cory,Mills,,GOP,23209,2.0,71559,15701,177802.0,0.0,X,2022-11-09T00:53:08.245Z,
FL,Florida,10021,8,Bill,Posey,True,GOP,18736,2.0,53077,11085,221966.0,0.0,X,2022-11-09T00:23:27.595Z,
FL,Florida,10023,9,Darren,Soto,True,Dem,20707,2.0,65743,12816,108415.0,0.0,X,2022-11-09T01:52:40.502Z,
FL,Florida,10025,10,Maxwell,Frost,,Dem,23224,1.0,71568,15710,117745.0,0.0,X,2022-11-09T00:28:52.119Z,
FL,Florida,10027,11,Daniel,Webster,True,GOP,20720,3.0,53062,11105,205636.0,0.0,X,2022-11-09T00:35:29.200Z,
FL,Florida,10029,12,Gus,Bilirakis,True,GOP,18747,1.0,52981,10908,226459.0,0.0,X,2022-11-09T00:20:28.422Z,
FL,Florida,10031,13,Anna,Luna,,GOP,23246,2.0,69410,15398,181414.0,0.0,X,2022-11-09T01:43:43.801Z,
FL,Florida,10033,14,Kathy,Castor,True,Dem,18755,1.0,10546,12734,149553.0,0.0,X,2022-11-09T00:25:00.651Z,
FL,Florida,10035,15,Laurel,Lee,,GOP,23260,2.0,71597,15735,145080.0,0.0,X,2022-11-09T01:20:39.641Z,
FL,Florida,10037,16,Vern,Buchanan,True,GOP,18757,1.0,53213,12739,189447.0,0.0,X,2022-11-09T00:51:14.692Z,Buchann
FL,Florida,10039,17,Greg,Steube,True,GOP,21764,3.0,67645,13619,222410.0,0.0,X,2022-11-09T01:23:29.906Z,
FL,Florida,10041,18,Scott,Franklin,True,GOP,23268,1.0,69374,15402,167320.0,0.0,X,2022-11-09T01:04:00.868Z,
FL,Florida,10393,21,Brian,Mast,True,GOP,23282,2.0,65757,14629,208508.0,0.0,X,2022-11-09T01:16:58.001Z,
FL,Florida,10396,22,Lois,Frankel,True,Dem,23284,1.0,10720,13941,149977.0,0.0,X,2022-11-09T01:34:09.319Z,
FL,Florida,10398,23,Jared,Moskowitz,,Dem,23294,2.0,71620,14100,143834.0,0.0,X,2022-11-09T01:39:16.938Z,Moskwtz
FL,Florida,11126,1,Matt,Gaetz,True,GOP,20645,1.0,65653,13539,197265.0,0.0,X,2022-11-09T01:44:48.503Z,
FL,Florida,11128,24,Frederica,Wilson,True,Dem,18786,1.0,53086,11718,133410.0,0.0,X,2022-11-09T00:13:19.148Z,
FL,Florida,11129,25,Debbie,Wasserman Schultz,True,Dem,23308,2.0,11357,11219,129015.0,0.0,X,2022-11-09T01:24:58.236Z,WssrmS
FL,Florida,11586,26,Mario,Diaz-Balart,True,GOP,23313,1.0,878,11312,143207.0,0.0,X,2022-11-09T01:27:59.003Z,DizBlrt
FL,Florida,11587,27,Maria Elvira,Salazar,True,GOP,22625,1.0,67671,15061,136031.0,0.0,X,2022-11-09T01:29:53.542Z,
FL,Florida,11670,19,Byron,Donalds,True,GOP,22595,2.0,62408,13938,212929.0,0.0,X,2022-11-09T01:12:32.981Z,
FL,Florida,12210,20,Sheila,Cherfilus-McCormick,True,Dem,23710,1.0,67651,15042,136111.0,0.0,X,2022-11-09T00:48:18.827Z,Chrfls-
FL,Florida,12229,28,Carlos,Gimenez,True,GOP,23712,2.0,69391,15431,134454.0,0.0,X,2022-11-09T01:26:42.746Z,
GA,Georgia,11007,1,Buddy,Carter,True,GOP,19946,1.0,63354,14352,156016.0,0.0,X,2022-11-09T02:24:29.363Z,
GA,Georgia,11009,2,Sanford,Bishop,True,Dem,19779,2.0,1253,11099,132462.0,0.0,X,2022-11-09T04:35:15.398Z,
GA,Georgia,11011,3,Drew,Ferguson,True,GOP,20490,1.0,64902,15153,213453.0,0.0,X,2022-11-09T01:55:30.823Z,Fergusn
GA,Georgia,11013,4,Hank,Johnson,True,Dem,19780,2.0,59400,14118,215815.0,0.0,X,2022-11-09T02:12:12.657Z,
GA,Georgia,11015,5,Nikema,Williams,True,Dem,22191,2.0,69465,15359,242952.0,0.0,X,2022-11-09T01:01:46.075Z,
GA,Georgia,11019,7,Lucy,McBath,True,Dem,22643,2.0,66683,15614,142819.0,0.0,X,2022-11-09T02:17:01.986Z,
GA,Georgia,11021,8,Austin,Scott,True,GOP,19641,1.0,13031,13090,178584.0,0.0,X,2022-11-09T01:46:54.626Z,
GA,Georgia,11023,9,Andrew,Clyde,True,GOP,22165,1.0,68908,15928,212667.0,0.0,X,2022-11-09T01:38:38.542Z,
GA,Georgia,11025,10,Mike,Collins,,GOP,22664,1.0,63367,14948,198413.0,0.0,X,2022-11-09T04:18:50.081Z,
GA,Georgia,11610,11,Barry,Loudermilk,True,GOP,19971,1.0,63369,14209,189574.0,0.0,X,2022-11-09T03:23:54.423Z,Lodrmlk
GA,Georgia,12237,12,Rick,Allen,True,GOP,19978,1.0,61316,14438,157938.0,0.0,X,2022-11-09T04:26:30.029Z,
GA,Georgia,12238,13,David,Scott,True,Dem,19858,2.0,1257,11139,216077.0,0.0,X,2022-11-09T01:05:24.191Z,
GA,Georgia,12463,14,Marjorie Taylor,Greene,True,GOP,21861,1.0,68795,15706,169988.0,0.0,X,2022-11-09T01:51:10.566Z,
GA,Georgia,12547,6,Rich,McCormick,,GOP,22638,1.0,68907,15686,206718.0,0.0,X,2022-11-09T03:56:45.071Z,McCormck
HI,Hawaii,12008,2,Jill,Tokuda,,Dem,20041,1.0,71475,14367,127995.0,0.0,X,2022-11-09T06:32:00.488Z,
HI,Hawaii,12881,1,Ed,Case,True,Dem,19315,1.0,1786,13756,142742.0,0.0,X,2022-11-09T06:31:38.876Z,
IA,Iowa,17071,1,Mariannette,Miller-Meeks,True,GOP,23715,1.0,59745,18219,162721.0,0.0,X,2022-11-09T05:08:17.454Z,MllrM
IA,Iowa,17072,2,Ashley,Hinson,True,GOP,23717,1.0,68744,18970,172137.0,0.0,X,2022-11-09T06:12:13.761Z,
IA,Iowa,17073,3,Zach,Nunn,,GOP,23721,1.0,70417,18781,156239.0,0.0,X,2022-11-09T20:20:59.605Z,
IA,Iowa,17074,4,Randy,Feenstra,True,GOP,23370,1.0,68750,18226,186380.0,0.0,X,2022-11-09T04:02:18.302Z,
ID,Idaho,13253,1,Russ,Fulcher,True,GOP,18875,2.0,63500,15415,222891.0,0.0,X,2022-11-09T07:28:12.005Z,
ID,Idaho,13254,2,Mike,Simpson,True,GOP,17591,2.0,504,14044,172456.0,0.0,X,2022-11-09T06:27:17.742Z,
IL,Illinois,15990,1,Jonathan,Jackson,,Dem,29215,2.0,71064,22998,145965.0,0.0,X,2022-11-09T04:21:15.163Z,
IL,Illinois,15992,3,Delia,Ramirez,,Dem,29238,2.0,71076,22495,110230.0,0.0,X,2022-11-09T04:20:29.170Z,
IL,Illinois,15993,4,Chuy,Garcia,True,Dem,27816,2.0,16407,21600,86439.0,0.0,X,2022-11-09T04:39:00.991Z,
IL,Illinois,15994,5,Mike,Quigley,True,Dem,25750,2.0,59914,20375,169647.0,0.0,X,2022-11-09T04:46:36.832Z,
IL,Illinois,15995,6,Sean,Casten,True,Dem,27825,2.0,66114,22430,146738.0,0.0,X,2022-11-09T05:01:23.557Z,
IL,Illinois,15996,7,Danny,Davis,True,Dem,25754,1.0,59339,16944,0.0,0.0,X,2022-11-09T01:00:23.009Z,
IL,Illinois,15997,8,Raja,Krishnamoorthi,True,Dem,26715,2.0,61644,20749,115731.0,0.0,X,2022-11-09T04:48:08.321Z,Krshnmor
IL,Illinois,15998,9,Janice,Schakowsky,True,Dem,25759,2.0,1275,14155,165250.0,0.0,X,2022-11-09T04:05:25.754Z,Schkwsky
IL,Illinois,15999,10,Brad,Schneider,True,Dem,25762,2.0,61646,20752,143776.0,0.0,X,2022-11-09T04:49:57.371Z,Schneidr
IL,Illinois,16000,11,Bill,Foster,True,Dem,25764,2.0,58367,19778,143942.0,0.0,X,2022-11-09T06:07:48.382Z,
IL,Illinois,16001,12,Mike,Bost,True,GOP,25771,1.0,15698,16342,208819.0,0.0,X,2022-11-09T04:02:45.276Z,
IL,Illinois,16002,13,Nikki,Budzinski,,Dem,29277,2.0,71104,23039,135970.0,0.0,X,2022-11-09T06:09:02.205Z,Budzinsk
IL,Illinois,16003,14,Lauren,Underwood,True,Dem,27859,2.0,66136,22458,127372.0,0.0,X,2022-11-09T06:10:39.504Z,Underwod
IL,Illinois,16004,15,Mary,Miller,True,GOP,28536,1.0,68410,22717,209191.0,0.0,X,2022-11-09T04:04:01.220Z,
IL,Illinois,16005,16,Darin,LaHood,True,GOP,29292,1.0,16982,21117,195993.0,0.0,X,2022-11-09T04:50:52.981Z,
IL,Illinois,16006,17,Eric,Sorensen,,Dem,29297,2.0,71116,23056,119450.0,0.0,X,2022-11-10T18:26:08.575Z,
IL,Illinois,16310,2,Robin,Kelly,True,Dem,26122,2.0,53697,19047,135087.0,0.0,X,2022-11-09T05:21:13.779Z,
IN,Indiana,15014,1,Frank J.,Mrvan,True,Dem,22747,2.0,69958,18761,112539.0,0.0,X,2022-11-09T06:58:29.349Z,
IN,Indiana,15017,2,Rudy,Yakym,,GOP,22804,1.0,71760,18796,125222.0,0.0,X,2022-11-09T02:09:39.798Z,
IN,Indiana,15020,3,Jim,Banks,True,GOP,21374,1.0,64756,17425,131252.0,0.0,X,2022-11-09T00:44:05.774Z,
IN,Indiana,15023,4,Jim,Baird,True,GOP,21760,1.0,66172,17491,134442.0,0.0,X,2022-11-09T02:01:31.444Z,
IN,Indiana,15026,5,Victoria,Spartz,True,GOP,22218,1.0,68728,18476,146496.0,0.0,X,2022-11-09T01:37:22.059Z,
IN,Indiana,15029,6,Greg,Pence,True,GOP,21944,1.0,66189,18400,130482.0,0.0,X,2022-11-09T01:44:57.681Z,
IN,Indiana,15032,7,Andre,Carson,True,Dem,20362,2.0,57849,17162,116870.0,0.0,X,2022-11-09T01:42:25.463Z,
IN,Indiana,15035,8,Larry,Bucshon,True,GOP,20363,1.0,60421,17450,141746.0,0.0,X,2022-11-09T04:05:38.059Z,
IN,Indiana,15038,9,Erin,Houchin,,GOP,22640,1.0,64767,17934,138765.0,0.0,X,2022-11-09T03:45:46.570Z,
IN,Indiana,15766,0,Rudy,Yakym,,GOP,22805,1.0,71760,18796,118650.0,0.0,X,2022-11-09T02:08:48.939Z,
KS,Kansas,17007,1,Tracey,Mann,True,GOP,7221,2.0,69297,20442,158976.0,0.0,X,2022-11-09T04:08:44.285Z,
KS,Kansas,17009,3,Sharice,Davids,True,Dem,6821,1.0,67314,20294,162287.0,0.0,X,2022-11-09T04:06:38.546Z,
KS,Kansas,17355,2,Jake,LaTurner,True,GOP,7226,2.0,69302,19640,132648.0,0.0,X,2022-11-09T04:55:06.182Z,LaTurnr
KS,Kansas,17720,4,Ron,Estes,True,GOP,7010,2.0,65853,19910,142396.0,0.0,X,2022-11-09T04:09:39.318Z,
KY,Kentucky,18009,3,Morgan,McGarvey,,Dem,6551,2.0,69995,19966,160853.0,0.0,X,2022-11-09T01:37:06.836Z,
KY,Kentucky,18013,5,Harold,Rogers,True,GOP,4587,1.0,208,18376,175901.0,0.0,X,2022-11-09T00:07:04.524Z,
KY,Kentucky,18015,6,Andy,Barr,True,GOP,4732,1.0,60705,19945,154760.0,0.0,X,2022-11-09T01:15:56.999Z,
KY,Kentucky,18622,1,James,Comer,True,GOP,5450,2.0,54203,19166,184103.0,0.0,X,2022-11-09T01:29:32.135Z,
KY,Kentucky,18624,2,Brett,Guthrie,True,GOP,4585,1.0,54282,19125,170486.0,0.0,X,2022-11-09T01:58:34.115Z,
KY,Kentucky,18835,4,Thomas,Massie,True,GOP,5094,3.0,61880,19938,167541.0,0.0,X,2022-11-09T01:55:45.781Z,
LA,Louisiana,20556,1,Steve,Scalise,True,GOP,25320,3.0,54369,21330,177636.0,,X,2022-11-09T03:58:18.423Z,
LA,Louisiana,20557,2,Troy,Carter,True,Dem,25339,1.0,71728,21715,158084.0,,X,2022-11-09T03:59:48.432Z,
LA,Louisiana,20558,3,Clay,Higgins,True,GOP,25322,1.0,65612,21886,144101.0,,X,2022-11-09T04:01:46.295Z,
LA,Louisiana,20559,4,Mike,Johnson,True,GOP,25323,1.0,65700,21672,0.0,,X,2022-11-09T02:01:02.009Z,
LA,Louisiana,20560,5,Julia,Letlow,True,GOP,25351,4.0,69687,22314,151075.0,,X,2022-11-09T04:03:16.090Z,
LA,Louisiana,20561,6,Garret,Graves,True,GOP,25324,3.0,64093,21642,189658.0,,X,2022-11-09T04:05:33.223Z,
MA,Massachusetts,22947,1,Richard,Neal,True,Dem,32611,1.0,882,22028,153081.0,0.0,X,2022-11-09T09:25:10.040Z,
MA,Massachusetts,22948,2,James,McGovern,True,Dem,32612,1.0,883,23734,177519.0,0.0,X,2022-11-09T04:47:27.297Z,McGovrn
MA,Massachusetts,22949,3,Lori,Trahan,True,Dem,34255,1.0,67479,27788,145379.0,0.0,X,2022-11-09T09:25:36.406Z,
MA,Massachusetts,22950,4,Jake,Auchincloss,True,Dem,35089,1.0,69114,28020,0.0,0.0,X,2022-11-09T01:01:36.009Z,Achnclss
MA,Massachusetts,22952,6,Seth,Moulton,True,Dem,32621,1.0,63945,27247,189753.0,0.0,X,2022-11-09T09:25:50.773Z,
MA,Massachusetts,22953,7,Ayanna,Pressley,True,Dem,34267,1.0,67484,27748,144902.0,0.0,X,2022-11-09T04:14:06.784Z,
MA,Massachusetts,22954,8,Stephen,Lynch,True,Dem,32624,1.0,890,23422,184076.0,0.0,X,2022-11-09T04:45:44.649Z,
MA,Massachusetts,23865,9,Bill,Keating,True,Dem,32625,1.0,22757,22121,192941.0,0.0,X,2022-11-09T09:26:10.498Z,
MA,Massachusetts,24356,5,Katherine,Clark,True,Dem,32594,1.0,63056,26777,198126.0,0.0,X,2022-11-09T04:52:37.733Z,
MD,Maryland,21746,1,Andy,Harris,True,GOP,29211,1.0,58831,23613,150940.0,0.0,X,2022-11-09T03:59:00.140Z,
MD,Maryland,21749,2,Dutch,Ruppersberger,True,Dem,31819,2.0,1055,23910,122489.0,0.0,X,2022-11-09T04:41:05.636Z,Rpprsbr
MD,Maryland,21752,3,John,Sarbanes,True,Dem,29214,2.0,51603,24755,140834.0,0.0,X,2022-11-09T05:16:55.211Z,
MD,Maryland,21754,4,Glenn,Ivey,,Dem,32165,2.0,64788,26161,113820.0,0.0,X,2022-11-09T04:22:39.117Z,
MD,Maryland,21757,5,Steny,Hoyer,True,Dem,29378,2.0,1061,21015,147259.0,0.0,X,2022-11-09T04:23:34.020Z,
MD,Maryland,21760,6,David,Trone,True,Dem,31822,2.0,64807,26157,115565.0,0.0,X,2022-11-11T19:31:25.831Z,
MD,Maryland,21762,7,Kweisi,Mfume,True,Dem,31692,2.0,57618,26779,129440.0,0.0,X,2022-11-09T03:54:33.292Z,
MD,Maryland,21764,8,Jamie,Raskin,True,Dem,30400,2.0,64804,24789,162639.0,0.0,X,2022-11-09T03:54:08.372Z,
ME,Maine,20644,1,Chellie,Pingree,True,Dem,28667,1.0,59613,24400,218630.0,0.0,X,2022-11-09T04:16:22.562Z,
MI,Michigan,23805,1,Jack,Bergman,True,GOP,35212,2.0,65336,29004,231657.0,0.0,X,2022-11-09T06:00:07.338Z,
MI,Michigan,23806,2,John,Moolenaar,True,GOP,37350,2.0,55100,27368,215096.0,0.0,X,2022-11-09T04:26:28.927Z,Moolenr
MI,Michigan,23807,3,Hillary,Scholten,,Dem,37352,1.0,69080,29817,186109.0,0.0,X,2022-11-09T06:55:35.573Z,
MI,Michigan,23808,4,Bill,Huizenga,True,GOP,37356,2.0,55092,27346,185778.0,0.0,X,2022-11-09T04:30:48.320Z,
MI,Michigan,23809,5,Tim,Walberg,True,GOP,37357,2.0,25659,23292,196498.0,0.0,X,2022-11-09T04:15:52.831Z,
MI,Michigan,23810,6,Debbie,Dingell,True,Dem,37365,1.0,64120,28636,241763.0,0.0,X,2022-11-09T04:06:30.214Z,
MI,Michigan,23811,7,Elissa,Slotkin,True,Dem,37368,1.0,67164,29364,192828.0,0.0,X,2022-11-09T08:08:43.499Z,
MI,Michigan,23812,8,Daniel,Kildee,True,Dem,37371,1.0,62406,28319,178277.0,0.0,X,2022-11-09T15:12:04.558Z,
MI,Michigan,23813,9,Lisa,McClain,True,GOP,37363,2.0,69093,29830,238289.0,0.0,X,2022-11-09T04:11:23.895Z,
MI,Michigan,23814,10,John,James,,GOP,37383,2.0,67181,29346,159203.0,0.0,X,2022-11-09T20:27:49.026Z,
MI,Michigan,23815,11,Haley,Stevens,True,Dem,35917,1.0,67175,29341,224080.0,0.0,X,2022-11-09T02:10:08.152Z,
MI,Michigan,23816,12,Rashida,Tlaib,True,Dem,37361,1.0,67177,27017,196601.0,0.0,X,2022-11-09T06:16:11.483Z,
MI,Michigan,23817,13,Shri,Thanedar,,Dem,37401,1.0,67152,29344,166203.0,0.0,X,2022-11-09T06:18:56.148Z,
MN,Minnesota,24007,1,Brad,Finstad,True,GOP,34781,3.0,55192,29361,159591.0,0.0,X,2022-11-09T06:08:56.361Z,
MN,Minnesota,24010,2,Angie,Craig,True,Dem,33541,3.0,65481,28521,165580.0,0.0,X,2022-11-09T06:20:27.804Z,
MN,Minnesota,24013,3,Dean,Phillips,True,Dem,33543,2.0,67370,28802,198882.0,0.0,X,2022-11-09T04:05:34.387Z,
MN,Minnesota,24016,4,Betty,McCollum,True,Dem,31096,2.0,989,25233,200052.0,0.0,X,2022-11-09T04:44:39.186Z,McCollm
MN,Minnesota,24019,5,Ilhan,Omar,True,Dem,33547,2.0,67375,28724,214220.0,0.0,X,2022-11-09T04:05:55.857Z,
MN,Minnesota,24022,6,Tom,Emmer,True,GOP,32355,1.0,60721,26766,198144.0,0.0,X,2022-11-09T04:56:24.033Z,
MN,Minnesota,24025,7,Michelle,Fischbach,True,GOP,34175,2.0,55298,25425,204764.0,0.0,X,2022-11-09T05:21:01.472Z,Fischbch
MN,Minnesota,24028,8,Pete,Stauber,True,GOP,33566,1.0,67384,28811,188760.0,0.0,X,2022-11-09T06:17:48.317Z,
MO,Missouri,26023,2,Ann,Wagner,True,GOP,7501,2.0,62594,30214,173035.0,0.0,X,2022-11-09T04:45:49.458Z,
MO,Missouri,26025,3,Blaine,Luetkemeyer,True,GOP,7507,2.0,55466,28670,180358.0,0.0,X,2022-11-09T04:19:32.417Z,Lutkmeyr
MO,Missouri,26027,4,Mark,Alford,,GOP,10875,2.0,71342,31723,181023.0,0.0,X,2022-11-09T04:12:00.958Z,
MO,Missouri,26029,5,Emanuel,Cleaver,True,Dem,7515,1.0,50040,28900,139882.0,0.0,X,2022-11-09T04:22:10.736Z,
MO,Missouri,26031,6,Sam,Graves,True,GOP,7527,2.0,1342,28326,184070.0,0.0,X,2022-11-09T04:17:18.376Z,
MO,Missouri,26033,7,Eric,Burlison,,GOP,10894,2.0,71357,29684,177957.0,0.0,X,2022-11-09T04:07:33.181Z,
MO,Missouri,26035,8,Jason,Smith,True,GOP,8346,2.0,62802,29413,186259.0,0.0,X,2022-11-09T04:15:32.119Z,
MO,Missouri,27025,1,Cori,Bush,True,Dem,10265,1.0,65378,30821,160042.0,0.0,X,2022-11-09T04:23:57.801Z,
MS,Mississippi,25929,2,Bennie,Thompson,True,Dem,31064,2.0,1335,26201,101154.0,0.0,X,2022-11-09T06:00:44.859Z,Thompsn
MS,Mississippi,26488,3,Michael,Guest,True,GOP,31994,1.0,66867,27744,126081.0,0.0,X,2022-11-09T03:20:10.746Z,
MS,Mississippi,26489,4,Mike,Ezell,,GOP,32686,2.0,70484,28706,122128.0,0.0,X,2022-11-09T03:20:21.124Z,
MS,Mississippi,27167,1,Trent,Kelly,True,GOP,31927,2.0,64498,27733,119673.0,0.0,X,2022-11-09T03:20:00.855Z,
MT,Montana,28447,1,Ryan,Zinke,,GOP,35991,2.0,63730,29296,120288.0,0.0,X,2022-11-10T15:31:19.640Z,
MT,Montana,28576,2,Matt,Rosendale,True,GOP,36217,2.0,63731,29615,120899.0,0.0,X,2022-11-09T07:35:03.000Z,Rosendal
NC,North Carolina,34969,3,Greg,Murphy,True,GOP,44873,2.0,67890,37996,165690.0,0.0,X,2022-11-09T01:34:49.010Z,
NC,North Carolina,34973,7,David,Rouzer,True,GOP,42895,2.0,35605,36667,159982.0,0.0,X,2022-11-09T04:04:17.210Z,
NC,North Carolina,34975,9,Richard,Hudson,True,GOP,45608,2.0,61758,37265,130762.0,0.0,X,2022-11-09T04:49:21.441Z,
NC,North Carolina,34977,11,Chuck,Edwards,,GOP,45621,2.0,70289,38063,173706.0,0.0,X,2022-11-09T03:25:56.879Z,
NC,North Carolina,35385,1,Don,Davis,,Dem,45567,1.0,70238,36651,133729.0,0.0,X,2022-11-09T05:19:58.833Z,
NC,North Carolina,35386,2,Deborah,Ross,True,Dem,44867,1.0,55909,35941,186303.0,0.0,X,2022-11-09T01:11:25.553Z,
NC,North Carolina,35387,4,Valerie,Foushee,,Dem,45587,2.0,70258,37458,191980.0,0.0,X,2022-11-09T01:01:46.095Z,
NC,North Carolina,35388,5,Virginia,Foxx,True,GOP,42409,1.0,1877,34897,174094.0,0.0,X,2022-11-09T02:15:42.719Z,
NC,North Carolina,35389,6,Kathy,Manning,True,Dem,44889,2.0,66336,38425,138104.0,0.0,X,2022-11-09T04:31:22.241Z,
NC,North Carolina,35390,8,Dan,Bishop,True,GOP,45705,2.0,68365,37643,182666.0,0.0,X,2022-11-09T01:48:02.376Z,
NC,North Carolina,35391,10,Patrick,McHenry,True,GOP,42419,2.0,35265,35552,193999.0,0.0,X,2022-11-09T01:19:11.617Z,
NC,North Carolina,35419,12,Alma,Adams,True,Dem,42905,2.0,55929,34977,138272.0,0.0,X,2022-11-09T01:29:53.280Z,
NC,North Carolina,35753,13,Wiley,Nickel,,Dem,45634,2.0,70298,38340,140531.0,0.0,X,2022-11-09T05:17:03.996Z,
NC,North Carolina,36216,14,Jeff,Jackson,,Dem,45956,2.0,70309,37831,146193.0,0.0,X,2022-11-09T02:22:05.563Z,
ND,North Dakota,35342,1,Kelly,Armstrong,True,GOP,40775,1.0,66922,36636,147980.0,0.0,X,2022-11-09T04:01:42.703Z,Armstrn
NE,Nebraska,28382,1,Mike,Flood,True,GOP,31975,1.0,69972,30071,127623.0,0.0,X,2022-11-09T05:05:40.362Z,
NE,Nebraska,28384,3,Adrian,Smith,True,GOP,31183,1.0,30010,29087,171967.0,0.0,X,2022-11-09T03:24:24.036Z,
NE,Nebraska,28385,2,Don,Bacon,True,GOP,31492,1.0,64838,29912,111388.0,0.0,X,2022-11-09T06:55:59.807Z,
NH,New Hampshire,30015,1,Chris,Pappas,True,Dem,47619,2.0,56360,39044,166852.0,0.0,X,2022-11-09T05:57:05.710Z,
NH,New Hampshire,30017,2,Ann,McLane Kuster,True,Dem,43358,2.0,61213,38526,171731.0,0.0,X,2022-11-09T06:09:54.770Z,McLnKstr
NJ,New Jersey,31202,1,Donald,Norcross,True,Dem,38250,1.0,63457,34271,135599.0,0.0,X,2022-11-09T02:07:18.790Z,
NJ,New Jersey,31205,2,Jeff,Van Drew,True,GOP,39138,2.0,56642,33347,135655.0,0.0,X,2022-11-09T04:00:31.050Z,VanDrw
NJ,New Jersey,31208,4,Christopher,Smith,True,GOP,38226,2.0,1352,31018,170337.0,0.0,X,2022-11-09T02:05:10.256Z,
NJ,New Jersey,31211,5,Josh,Gottheimer,True,Dem,38611,1.0,65116,34914,141039.0,0.0,X,2022-11-09T04:17:23.392Z,Gotthmr
NJ,New Jersey,31212,6,Frank,Pallone,True,Dem,38231,1.0,375,31012,101757.0,0.0,X,2022-11-09T02:26:44.435Z,
NJ,New Jersey,31215,8,Robert,Menendez,,Dem,39971,1.0,70461,35551,73765.0,0.0,X,2022-11-09T02:24:54.770Z,
NJ,New Jersey,31216,3,Andy,Kim,True,Dem,39140,1.0,66838,35179,123219.0,0.0,X,2022-11-09T04:00:53.255Z,
NJ,New Jersey,31218,7,Thomas,Kean Jr.,,GOP,39965,2.0,56741,33198,155058.0,0.0,X,2022-11-09T23:00:53.963Z,KeanJr
NJ,New Jersey,31220,10,Donald,Payne Jr.,True,Dem,38234,1.0,382,31038,94858.0,0.0,X,2022-11-09T02:22:48.115Z,Payne
NJ,New Jersey,31223,12,Bonnie,Watson Coleman,True,Dem,38277,1.0,31050,32695,93947.0,0.0,X,2022-11-09T03:59:47.919Z,WatsCol
NJ,New Jersey,31226,9,Bill,Pascrell,True,Dem,38233,1.0,378,31569,78465.0,0.0,X,2022-11-09T02:30:18.457Z,
NJ,New Jersey,31230,11,Mikie,Sherrill,True,Dem,39164,1.0,66853,35194,149054.0,0.0,X,2022-11-09T04:00:10.099Z,
NM,New Mexico,32052,3,Teresa,Leger Fernandez,True,Dem,38902,2.0,68488,34862,133677.0,0.0,X,2022-11-09T03:51:31.514Z,LgrFrnn
NM,New Mexico,33279,2,Gabriel,Vasquez,,Dem,39226,2.0,70156,35040,96775.0,0.0,X,2022-11-10T15:36:08.115Z,
NM,New Mexico,34051,1,Melanie,Stansbury,True,Dem,39327,1.0,69709,34803,155777.0,0.0,X,2022-11-09T04:10:31.953Z,Stansbry
NV,Nevada,3,1,Dina,Titus,True,Dem,35620,3.0,30878,30774,109202.0,0.0,X,2022-11-12T00:26:07.852Z,
NV,Nevada,30155,3,Susie,Lee,True,Dem,36930,1.0,65174,32537,128611.0,0.0,X,2022-11-12T00:28:46.622Z,
NV,Nevada,30989,2,Mark,Amodei,True,GOP,36536,1.0,56930,30125,175001.0,0.0,X,2022-11-09T08:47:22.773Z,
NV,Nevada,30992,4,Steven,Horsford,True,Dem,36899,1.0,62079,30767,110331.0,0.0,X,2022-11-12T00:27:27.453Z,
NY,New York,36581,1,Nicholas,LaLota,,GOP,86601,2.0,71409,54780,173275.0,0.0,X,2022-11-09T06:04:30.297Z,
NY,New York,36582,2,Andrew,Garbarino,True,GOP,83083,2.0,68984,52801,148649.0,0.0,X,2022-11-09T06:10:27.858Z,Garbrno
NY,New York,36583,3,George,Santos,,GOP,86368,2.0,69048,54754,142472.0,0.0,X,2022-11-09T06:23:28.027Z,
NY,New York,36584,4,Anthony,D'Esposito,,GOP,86460,2.0,71420,55625,138831.0,0.0,X,2022-11-09T16:57:06.750Z,D'Espost
NY,New York,36585,5,Gregory,Meeks,True,Dem,76997,1.0,1521,49671,97981.0,0.0,X,2022-11-09T03:47:39.552Z,
NY,New York,36586,6,Grace,Meng,True,Dem,76999,1.0,62304,51285,79506.0,0.0,X,2022-11-09T03:25:21.753Z,
NY,New York,36587,7,Nydia,Velazquez,True,Dem,77000,1.0,1535,49659,111968.0,0.0,X,2022-11-09T03:25:37.573Z,Velazquz
NY,New York,36588,8,Hakeem,Jeffries,True,Dem,77004,1.0,33006,49616,93295.0,0.0,X,2022-11-09T03:25:57.969Z,
NY,New York,36590,10,Daniel,Goldman,,Dem,86433,1.0,71431,55609,149261.0,0.0,X,2022-11-09T02:18:18.917Z,
NY,New York,36591,11,Nicole,Malliotakis,True,GOP,83932,2.0,68997,52275,113485.0,0.0,X,2022-11-09T02:35:48.286Z,Malliotks
NY,New York,36592,12,Jerrold,Nadler,True,Dem,86444,1.0,1525,49484,186357.0,0.0,X,2022-11-09T02:11:49.911Z,
NY,New York,36593,13,Adriano,Espaillat,True,Dem,79293,1.0,57004,49519,0.0,0.0,X,2022-11-09T02:00:56.009Z,
NY,New York,36594,14,Alexandria,Ocasio-Cortez,True,Dem,81916,1.0,67104,54484,78788.0,0.0,X,2022-11-09T02:27:11.973Z,Ocs-Crtz
NY,New York,36595,15,Ritchie,Torres,True,Dem,83919,1.0,69011,53000,72610.0,0.0,X,2022-11-09T03:24:22.229Z,
NY,New York,36596,16,Jamaal,Bowman,True,Dem,83101,1.0,69016,54759,130791.0,0.0,X,2022-11-09T03:57:56.854Z,
NY,New York,36597,17,Michael,Lawler,,GOP,86379,2.0,71449,54941,141612.0,0.0,X,2022-11-09T17:01:34.329Z,
NY,New York,36598,18,Pat,Ryan,True,Dem,86387,1.0,71452,55591,131460.0,0.0,X,2022-11-11T17:30:29.932Z,
NY,New York,36599,19,Marcus,Molinaro,,GOP,86395,2.0,67747,54605,142923.0,0.0,X,2022-11-09T17:08:29.189Z,
NY,New York,36600,20,Paul,Tonko,True,Dem,77054,1.0,57037,49341,157913.0,0.0,X,2022-11-09T04:19:29.576Z,
NY,New York,36601,21,Elise,Stefanik,True,GOP,77060,2.0,63754,53289,165634.0,0.0,X,2022-11-09T04:16:58.488Z,
NY,New York,36603,23,Nick,Langworthy,,GOP,86414,2.0,71466,55604,189691.0,0.0,X,2022-11-09T03:48:11.357Z,Lngwrthy
NY,New York,36604,24,Claudia,Tenney,True,GOP,86417,2.0,63809,52075,181569.0,0.0,X,2022-11-09T03:57:08.052Z,
NY,New York,36605,25,Joseph,Morelle,True,Dem,81972,1.0,57063,49888,148681.0,0.0,X,2022-11-09T06:48:30.843Z,
NY,New York,39859,26,Brian,Higgins,True,Dem,77081,1.0,32940,49784,154396.0,0.0,X,2022-11-09T03:48:26.833Z,
NY,New York,39860,9,Yvette,Clarke,True,Dem,77007,1.0,32471,48729,111162.0,0.0,X,2022-11-09T03:26:14.996Z,
OH,Ohio,36015,1,Greg,Landsman,,Dem,47403,1.0,70105,42432,151418.0,0.0,X,2022-11-09T06:54:01.170Z,
OH,Ohio,36019,3,Joyce,Beatty,True,Dem,44453,1.0,57169,41273,174846.0,0.0,X,2022-11-09T01:53:39.054Z,
OH,Ohio,36021,4,Jim,Jordan,True,GOP,44499,2.0,57253,37321,196655.0,0.0,X,2022-11-09T01:55:54.106Z,
OH,Ohio,36023,5,Bob,Latta,True,GOP,44515,2.0,57148,37549,184205.0,0.0,X,2022-11-09T02:02:27.819Z,
OH,Ohio,36025,6,Bill,Johnson,True,GOP,44503,2.0,60428,40669,186965.0,0.0,X,2022-11-09T02:17:40.177Z,
OH,Ohio,36027,7,Max,Miller,,GOP,47410,2.0,70139,42449,164904.0,0.0,X,2022-11-09T02:22:55.334Z,
OH,Ohio,36031,9,Marcy,Kaptur,True,Dem,44227,1.0,405,37023,147512.0,0.0,X,2022-11-09T04:00:14.251Z,
OH,Ohio,36033,10,Mike,Turner,True,GOP,44779,2.0,1376,40904,161792.0,0.0,X,2022-11-09T03:33:05.432Z,
OH,Ohio,36035,11,Shontel,Brown,True,Dem,47426,1.0,69721,42457,162154.0,0.0,X,2022-11-09T02:09:30.453Z,
OH,Ohio,36039,13,Emilia,Sykes,,Dem,47429,1.0,70115,41518,146621.0,0.0,X,2022-11-09T06:54:25.038Z,
OH,Ohio,36041,14,David,Joyce,True,GOP,44801,2.0,62559,41415,180251.0,0.0,X,2022-11-09T02:25:49.429Z,
OH,Ohio,36043,15,Mike,Carey,True,GOP,47432,2.0,57258,42472,140012.0,0.0,X,2022-11-09T04:29:52.946Z,
OH,Ohio,37258,2,Brad,Wenstrup,True,GOP,44291,2.0,61892,41176,188300.0,0.0,X,2022-11-09T02:15:02.102Z,Wenstrp
OH,Ohio,37564,8,Warren,Davidson,True,GOP,45632,2.0,64698,41704,177132.0,0.0,X,2022-11-09T03:31:09.734Z,
OH,Ohio,37571,12,Troy,Balderson,True,GOP,46095,2.0,66237,40932,187322.0,0.0,X,2022-11-09T02:20:29.307Z,Baldersn
OK,Oklahoma,37030,1,Kevin,Hern,True,GOP,45516,1.0,67018,40753,142620.0,0.0,X,2022-11-09T04:01:53.448Z,
OK,Oklahoma,37034,3,Frank,Lucas,True,GOP,43893,1.0,1396,37167,147302.0,0.0,X,2022-11-09T02:10:19.265Z,
OK,Oklahoma,37036,4,Tom,Cole,True,GOP,43899,1.0,1398,38825,149777.0,0.0,X,2022-11-09T04:02:13.495Z,
OK,Oklahoma,37855,2,Josh,Brecheen,,GOP,46606,1.0,70937,39889,167687.0,0.0,X,2022-11-09T01:59:31.985Z,Brechen
OK,Oklahoma,37856,5,Stephanie,Bice,True,GOP,46241,1.0,68613,40294,152567.0,0.0,X,2022-11-09T04:04:53.312Z,
OR,Oregon,38529,2,Cliff,Bentz,True,GOP,5808,2.0,68648,40131,199391.0,0.0,X,2022-11-09T04:33:20.148Z,
OR,Oregon,38530,3,Earl,Blumenauer,True,Dem,4643,1.0,482,38593,202685.0,0.0,X,2022-11-09T04:33:36.635Z,Blumenr
OR,Oregon,38531,4,Val,Hoyle,,Dem,6172,4.0,70181,40411,164410.0,0.0,X,2022-11-11T01:47:47.580Z,
OR,Oregon,39031,1,Suzanne,Bonamici,True,Dem,4476,2.0,61555,39966,175452.0,0.0,X,2022-11-09T04:28:42.105Z,Bonamic
PA,Pennsylvania,39008,1,Brian,Fitzpatrick,True,GOP,51883,2.0,64827,45300,199310.0,0.0,X,2022-11-09T06:57:20.317Z,Ftzptrck
PA,Pennsylvania,39010,3,Dwight,Evans,True,Dem,51885,1.0,49768,39508,243665.0,0.0,X,2022-11-09T02:18:22.818Z,
PA,Pennsylvania,39011,4,Madeleine,Dean,True,Dem,51893,1.0,66414,44703,222261.0,0.0,X,2022-11-09T04:26:33.645Z,
PA,Pennsylvania,39012,5,Mary Gay,Scanlon,True,Dem,51902,1.0,66421,45705,202314.0,0.0,X,2022-11-09T07:01:12.825Z,
PA,Pennsylvania,39013,6,Chrissy,Houlahan,True,Dem,51915,1.0,66427,45712,188280.0,0.0,X,2022-11-09T07:33:05.147Z,
PA,Pennsylvania,39014,7,Susan,Wild,True,Dem,51921,1.0,66430,45715,149608.0,0.0,X,2022-11-09T20:47:16.709Z,
PA,Pennsylvania,39015,8,Matt,Cartwright,True,Dem,51926,1.0,61612,44574,144926.0,0.0,X,2022-11-09T18:02:19.553Z,Crtwrght
PA,Pennsylvania,39017,10,Scott,Perry,True,GOP,51896,2.0,61618,43193,168476.0,0.0,X,2022-11-09T07:10:51.836Z,
PA,Pennsylvania,39018,11,Lloyd,Smucker,True,GOP,51946,2.0,64833,44420,193318.0,0.0,X,2022-11-09T04:26:11.397Z,
PA,Pennsylvania,39019,12,Summer,Lee,,Dem,53170,1.0,70046,45492,178799.0,0.0,X,2022-11-09T15:22:31.298Z,
PA,Pennsylvania,39020,13,John,Joyce,True,GOP,51958,1.0,66452,45738,0.0,0.0,X,2022-11-09T01:00:51.009Z,
PA,Pennsylvania,39021,14,Guy,Reschenthaler,True,GOP,51968,1.0,66458,45130,0.0,0.0,X,2022-11-09T01:00:51.009Z,Rschnth
PA,Pennsylvania,39023,16,Mike,Kelly,True,GOP,51891,2.0,60917,43975,189670.0,0.0,X,2022-11-09T03:56:19.410Z,
PA,Pennsylvania,39024,17,Chris,Deluzio,,Dem,53180,1.0,70062,46176,189192.0,0.0,X,2022-11-09T16:57:18.913Z,
PA,Pennsylvania,39303,2,Brendan,Boyle,True,Dem,51887,1.0,63512,44278,137348.0,0.0,X,2022-11-09T02:19:21.135Z,
PA,Pennsylvania,40041,9,Dan,Meuser,True,GOP,51935,2.0,58537,45724,207822.0,0.0,X,2022-11-09T04:14:19.933Z,
PA,Pennsylvania,40306,15,Glenn,Thompson,True,GOP,51998,2.0,58283,43983,213031.0,0.0,X,2022-11-09T03:55:47.745Z,Thompsn
RI,Rhode Island,40015,1,David,Cicilline,True,Dem,45085,2.0,39864,42571,99802.0,0.0,X,2022-11-09T02:10:06.879Z,Cicillin
RI,Rhode Island,40017,2,Seth,Magaziner,,Dem,46877,2.0,71484,43071,100919.0,0.0,X,2022-11-09T03:56:05.898Z,Magazinr
SC,South Carolina,41003,2,Joe,Wilson,True,GOP,47576,2.0,1410,42850,147693.0,0.0,X,2022-11-09T01:54:05.578Z,
SC,South Carolina,41004,3,Jeff,Duncan,True,GOP,47577,1.0,57891,43977,0.0,0.0,X,2022-11-09T00:00:14.009Z,
SC,South Carolina,41313,4,William,Timmons,True,GOP,48666,1.0,66899,44248,0.0,0.0,X,2022-11-09T00:00:14.009Z,Timmns
SC,South Carolina,41315,6,James,Clyburn,True,Dem,47521,1.0,1414,42083,130895.0,0.0,X,2022-11-09T02:08:54.691Z,
SC,South Carolina,41908,7,Russell,Fry,,GOP,49470,2.0,70931,44361,164433.0,0.0,X,2022-11-09T02:14:11.289Z,
SC,South Carolina,41922,1,Nancy,Mace,True,GOP,49139,2.0,63782,44087,153732.0,0.0,X,2022-11-09T04:01:24.895Z,
SC,South Carolina,41972,5,Ralph,Norman,True,GOP,48668,2.0,51896,43693,154710.0,0.0,X,2022-11-09T01:51:11.777Z,
SD,South Dakota,42005,1,Dusty,Johnson,True,GOP,47991,2.0,66830,43398,253786.0,0.0,X,2022-11-09T02:37:28.406Z,
TN,Tennessee,43003,1,Diana,Harshbarger,True,GOP,50489,1.0,69252,46719,147253.0,0.0,X,2022-11-09T01:43:06.048Z,Hrshbrgr
TN,Tennessee,43007,2,Tim,Burchett,True,GOP,49933,1.0,58256,46379,141041.0,0.0,X,2022-11-09T03:47:54.020Z,
TN,Tennessee,43009,3,Chuck,Fleischmann,True,GOP,48388,1.0,60964,45487,135934.0,0.0,X,2022-11-09T01:46:49.629Z,Flschmn
TN,Tennessee,43011,4,Scott,DesJarlais,True,GOP,48389,1.0,61091,45498,122336.0,0.0,X,2022-11-09T03:22:29.076Z,DesJarls
TN,Tennessee,43013,5,Andy,Ogles,,GOP,50761,1.0,70864,46826,123358.0,0.0,X,2022-11-09T05:08:14.330Z,
TN,Tennessee,43015,6,John,Rose,True,GOP,49956,1.0,67431,46398,129311.0,0.0,X,2022-11-09T02:02:06.603Z,
TN,Tennessee,43017,7,Mark,Green,True,GOP,49959,1.0,67432,45786,108358.0,0.0,X,2022-11-09T04:22:54.848Z,
TN,Tennessee,43019,8,David,Kustoff,True,GOP,49569,1.0,65268,46219,156628.0,0.0,X,2022-11-09T01:34:48.821Z,
TN,Tennessee,43020,9,Steve,Cohen,True,Dem,48438,2.0,41288,43538,93755.0,0.0,X,2022-11-09T03:22:39.757Z,
TX,Texas,45871,1,Nathaniel,Moran,,GOP,62805,2.0,69805,52901,183005.0,0.0,X,2022-11-09T03:57:54.950Z,
TX,Texas,45872,2,Dan,Crenshaw,True,GOP,61250,1.0,66054,52243,151369.0,0.0,X,2022-11-09T03:02:48.572Z,
TX,Texas,45873,3,Keith,Self,,GOP,63480,2.0,43333,52906,163945.0,0.0,X,2022-11-09T01:50:39.373Z,
TX,Texas,45874,4,Pat,Fallon,True,GOP,62474,1.0,69628,50869,170467.0,0.0,X,2022-11-09T03:23:35.552Z,
TX,Texas,45875,5,Lance,Gooden,True,GOP,61256,3.0,66063,50087,135990.0,0.0,X,2022-11-09T03:58:16.727Z,
TX,Texas,45876,6,Jake,Ellzey,True,GOP,62816,1.0,65914,51202,0.0,0.0,X,2022-11-09T02:01:03.009Z,
TX,Texas,45877,7,Lizzie,Fletcher,True,Dem,60761,1.0,65918,51879,115390.0,0.0,X,2022-11-09T03:55:59.302Z,
TX,Texas,45878,8,Morgan,Luttrell,,GOP,62829,3.0,69823,52914,152797.0,0.0,X,2022-11-09T04:05:10.727Z,
TX,Texas,45879,9,Al,Green,True,Dem,56614,1.0,37280,49157,124893.0,0.0,X,2022-11-09T03:56:38.467Z,
TX,Texas,45880,10,Michael,McCaul,True,GOP,56615,2.0,38751,49308,158784.0,0.0,X,2022-11-09T04:09:39.991Z,
TX,Texas,45881,11,August,Pfluger,True,GOP,61906,1.0,68246,52455,0.0,0.0,X,2022-11-09T02:01:03.009Z,
TX,Texas,45882,12,Kay,Granger,True,GOP,56617,1.0,296,47451,152732.0,0.0,X,2022-11-09T04:14:04.575Z,
TX,Texas,45883,13,Ronny,Jackson,True,GOP,61922,2.0,68255,52469,161562.0,0.0,X,2022-11-09T02:34:11.071Z,
TX,Texas,45884,14,Randy,Weber,True,GOP,56902,1.0,61980,49882,149317.0,0.0,X,2022-11-09T02:08:13.552Z,
TX,Texas,45885,15,Monica,De La Cruz,,GOP,62844,3.0,69841,52965,80869.0,0.0,X,2022-11-09T06:03:31.689Z,DeLaCruz
TX,Texas,45886,16,Veronica,Escobar,True,Dem,60774,1.0,65954,51891,94266.0,0.0,X,2022-11-09T03:05:43.139Z,
TX,Texas,45887,17,Pete,Sessions,True,GOP,61958,1.0,358,47078,144183.0,0.0,X,2022-11-09T04:11:21.199Z,
TX,Texas,45888,18,Sheila,Jackson Lee,True,Dem,56623,2.0,312,47104,109968.0,0.0,X,2022-11-09T03:57:10.190Z,Lee
TX,Texas,45889,19,Jodey,Arrington,True,GOP,59988,1.0,64621,51524,152042.0,0.0,X,2022-11-09T03:57:32.446Z,Arringtn
TX,Texas,45890,20,Joaquin,Castro,True,Dem,57948,1.0,58407,48711,114822.0,0.0,X,2022-11-09T02:14:03.264Z,
TX,Texas,45891,21,Chip,Roy,True,GOP,61330,2.0,66080,52310,206786.0,0.0,X,2022-11-09T04:12:22.511Z,
TX,Texas,45892,22,Troy,Nehls,True,GOP,61997,3.0,68186,52529,149757.0,0.0,X,2022-11-09T04:00:29.335Z,
TX,Texas,45893,23,Tony,Gonzales,True,GOP,62492,1.0,68302,52541,116172.0,0.0,X,2022-11-09T04:28:09.990Z,
TX,Texas,45894,24,Beth,Van Duyne,True,GOP,62031,2.0,68157,52557,177121.0,0.0,X,2022-11-09T04:48:04.552Z,VanDuyne
TX,Texas,45895,25,Roger,Williams,True,GOP,57401,1.0,62001,50605,0.0,0.0,X,2022-11-09T02:01:03.009Z,RWllms
TX,Texas,45896,26,Michael,Burgess,True,GOP,56631,1.0,1017,48756,183379.0,0.0,X,2022-11-09T01:51:27.461Z,
TX,Texas,45897,27,Michael,Cloud,True,GOP,60809,1.0,66028,51912,133286.0,0.0,X,2022-11-09T03:58:37.854Z,
TX,Texas,45899,29,Sylvia,Garcia,True,Dem,60811,1.0,42158,51265,71379.0,0.0,X,2022-11-09T04:48:09.946Z,
TX,Texas,45900,30,Jasmine,Crockett,,Dem,62970,1.0,69885,52801,134011.0,0.0,X,2022-11-09T01:18:32.782Z,
TX,Texas,47179,28,Henry,Cuellar,True,Dem,56633,1.0,327,49174,93393.0,0.0,X,2022-11-09T05:12:03.098Z,
TX,Texas,48732,31,John,Carter,True,GOP,56636,1.0,1441,48766,0.0,0.0,X,2022-11-09T02:01:03.009Z,
TX,Texas,48733,32,Colin,Allred,True,Dem,60821,1.0,65997,51919,115350.0,0.0,X,2022-11-09T02:07:19.911Z,
TX,Texas,49477,33,Marc,Veasey,True,Dem,56976,3.0,61950,49235,81764.0,0.0,X,2022-11-09T01:53:36.197Z,
TX,Texas,49478,34,Vicente,Gonzalez,True,Dem,63413,2.0,64608,51614,70759.0,0.0,X,2022-11-09T05:35:05.425Z,
TX,Texas,49479,35,Greg,Casar,,Dem,62987,1.0,69909,53055,129084.0,0.0,X,2022-11-09T02:34:26.087Z,
TX,Texas,49480,36,Brian,Babin,True,GOP,58876,1.0,41484,51378,145142.0,0.0,X,2022-11-09T03:33:02.280Z,
TX,Texas,49950,37,Lloyd,Doggett,True,Dem,63501,1.0,292,47086,219149.0,0.0,X,2022-11-09T01:13:41.237Z,
TX,Texas,49951,38,Wesley,Hunt,,GOP,63503,2.0,68242,52430,162992.0,0.0,X,2022-11-09T04:43:50.397Z,
UT,Utah,45669,1,Blake,Moore,True,GOP,55888,1.0,68817,51129,160517.0,0.0,X,2022-11-09T04:37:43.767Z,
UT,Utah,45670,2,Chris,Stewart,True,GOP,54393,4.0,61890,50528,141361.0,0.0,X,2022-11-09T06:01:47.159Z,
UT,Utah,49548,4,Burgess,Owens,True,GOP,55894,2.0,68823,51135,126017.0,0.0,X,2022-11-09T06:07:57.078Z,
UT,Utah,49642,3,John,Curtis,True,GOP,55700,4.0,44042,50949,154086.0,0.0,X,2022-11-09T05:52:57.332Z,
VA,Virginia,47001,1,Rob,Wittman,True,GOP,51240,3.0,57798,49141,196946.0,0.0,X,2022-11-09T02:03:40.515Z,
VA,Virginia,47003,2,Jen,Kiggans,,GOP,51905,2.0,70896,49596,151713.0,0.0,X,2022-11-09T04:03:35.757Z,
VA,Virginia,47005,3,Robert,Scott,True,Dem,51241,1.0,1451,48182,137054.0,0.0,X,2022-11-09T01:09:40.922Z,
VA,Virginia,47007,4,Donald,McEachin,True,Dem,51364,1.0,45762,49241,156909.0,0.0,X,2022-11-09T02:03:53.923Z,McEchn
VA,Virginia,47009,5,Robert,Good,True,GOP,51923,2.0,69523,49576,175390.0,0.0,X,2022-11-09T02:04:05.506Z,
VA,Virginia,47011,6,Ben,Cline,True,GOP,51739,2.0,45587,49382,172329.0,0.0,X,2022-11-09T01:03:53.277Z,
VA,Virginia,47013,7,Abigail,Spanberger,True,Dem,51723,1.0,66937,49520,140582.0,0.0,X,2022-11-09T03:42:31.664Z,Spanbrgr
VA,Virginia,47015,8,Donald,Beyer,True,Dem,51376,1.0,45543,47004,189195.0,0.0,X,2022-11-09T01:42:42.105Z,
VA,Virginia,47017,9,Morgan,Griffith,True,GOP,51249,2.0,58574,47410,181108.0,0.0,X,2022-11-09T00:52:59.578Z,
VA,Virginia,47019,10,Jennifer,Wexton,True,Dem,51728,1.0,66940,49524,152910.0,0.0,X,2022-11-09T04:01:13.811Z,
VA,Virginia,47021,11,Gerald,Connolly,True,Dem,51243,1.0,59040,49170,184593.0,0.0,X,2022-11-09T02:17:40.683Z,
VT,Vermont,46374,1,Becca,Balint,,Dem,53971,1.0,71178,49704,175484.0,0.0,X,2022-11-09T03:21:55.840Z,
WA,Washington,2,1,Suzan,DelBene,True,Dem,6605,1.0,61012,50967,168417.0,0.0,X,2022-11-09T04:44:00.616Z,
WA,Washington,4,9,Adam,Smith,True,Dem,6505,1.0,1488,49304,138770.0,0.0,X,2022-11-09T04:33:22.500Z,
WA,Washington,48008,2,Rick,Larsen,True,Dem,6441,1.0,1468,49593,178754.0,0.0,X,2022-11-09T05:11:43.723Z,
WA,Washington,48009,3,Marie,Gluesenkamp Perez,,Dem,9502,1.0,71012,52320,154169.0,0.0,X,2022-11-13T01:54:04.740Z,Glsnkmp
WA,Washington,48011,4,Dan,Newhouse,True,GOP,7380,1.0,58914,51381,129965.0,0.0,X,2022-11-09T05:12:11.084Z,Newhous
WA,Washington,48013,5,Cathy,McMorris Rodgers,True,GOP,6492,1.0,46291,48483,160778.0,0.0,X,2022-11-09T05:52:06.116Z,McMrrsR
WA,Washington,48015,6,Derek,Kilmer,True,Dem,6625,1.0,62296,50536,180420.0,0.0,X,2022-11-09T05:13:48.387Z,
WA,Washington,48017,7,Pramila,Jayapal,True,Dem,7924,1.0,65298,51472,240899.0,0.0,X,2022-11-09T04:33:05.648Z,
WA,Washington,48020,8,Kim,Schrier,True,Dem,8714,1.0,67243,51833,159131.0,0.0,X,2022-11-11T02:19:34.511Z,
WA,Washington,49358,10,Marilyn,Strickland,True,Dem,9001,1.0,68952,52079,134882.0,0.0,X,2022-11-09T22:29:21.739Z,Strcklnd
WI,Wisconsin,50040,1,Bryan,Steil,True,GOP,27398,2.0,67339,53154,162562.0,0.0,X,2022-11-09T05:29:28.155Z,
WI,Wisconsin,50044,2,Mark,Pocan,True,Dem,26467,1.0,59107,51325,268661.0,0.0,X,2022-11-09T04:04:38.022Z,
WI,Wisconsin,50048,3,Derrick,Van Orden,,GOP,28446,2.0,69183,53297,164661.0,0.0,X,2022-11-09T16:24:37.025Z,VanOrden
WI,Wisconsin,50052,4,Gwen,Moore,True,Dem,26325,1.0,48730,51767,192226.0,0.0,X,2022-11-09T04:05:40.359Z,
WI,Wisconsin,50056,5,Scott,Fitzgerald,True,GOP,27882,2.0,59140,50665,243719.0,0.0,X,2022-11-09T04:36:09.383Z,Fitzgerld
WI,Wisconsin,50060,6,Glenn,Grothman,True,GOP,26481,1.0,59087,50589,0.0,0.0,X,2022-11-09T02:01:23.009Z,Grothmn
WI,Wisconsin,50064,7,Tom,Tiffany,True,GOP,27888,2.0,67975,51786,209270.0,0.0,X,2022-11-09T04:06:47.707Z,
WI,Wisconsin,50068,8,Mike,Gallagher,True,GOP,26935,1.0,65480,53018,223779.0,0.0,X,2022-11-09T04:04:03.216Z,Gallaghr
WV,West Virginia,49273,1,Carol,Miller,True,GOP,58709,2.0,47557,51277,150859.0,0.0,X,2022-11-09T02:04:19.490Z,
WV,West Virginia,49274,2,Alexander,Mooney,True,GOP,56738,1.0,22596,52416,159379.0,0.0,X,2022-11-09T02:04:47.202Z,
WY,Wyoming,51401,1,Harriet,Hageman,,GOP,55612,1.0,67595,52496,132215.0,0.0,X,2022-11-09T03:59:58.871Z,Hagemn
